item,mdl_no,courtlistener_url,subject_id,subject_definition,reached,express,party_direction,court_resolution,note_optional
1,3162,https://www.courtlistener.com/docket/72028506/8/class-action-settlement-administration-litigation-mdl-no-3162/,b2a_leadership,(b)(2)(A) whether leadership counsel should be appointed,TRUE,TRUE,TRUE,FALSE,""
2,3162,https://www.courtlistener.com/docket/72028506/8/class-action-settlement-administration-litigation-mdl-no-3162/,b2a_timing,(b)(2)(A)(i) the timing of the appointments,TRUE,TRUE,TRUE,FALSE,""
3,3162,https://www.courtlistener.com/docket/72028506/8/class-action-settlement-administration-litigation-mdl-no-3162/,b2a_structure,(b)(2)(A)(ii) the structure of leadership counsel,TRUE,TRUE,TRUE,FALSE,""
4,3162,https://www.courtlistener.com/docket/72028506/8/class-action-settlement-administration-litigation-mdl-no-3162/,b2a_selection_procedure,(b)(2)(A)(iii) the procedure for selecting leadership,TRUE,TRUE,TRUE,FALSE,""
5,3162,https://www.courtlistener.com/docket/72028506/8/class-action-settlement-administration-litigation-mdl-no-3162/,b2a_periodic_review,(b)(2)(A)(iii) whether the appointments should be reviewed periodically,TRUE,TRUE,TRUE,FALSE,""
6,3162,https://www.courtlistener.com/docket/72028506/8/class-action-settlement-administration-litigation-mdl-no-3162/,b2a_responsibilities,(b)(2)(A)(iv) their responsibilities and authority,TRUE,TRUE,TRUE,FALSE,""
7,3162,https://www.courtlistener.com/docket/72028506/8/class-action-settlement-administration-litigation-mdl-no-3162/,b2a_communication,(b)(2)(A)(v) methods for communicating with and reporting to the court and nonleadership counsel,TRUE,TRUE,TRUE,FALSE,""
8,3162,https://www.courtlistener.com/docket/72028506/8/class-action-settlement-administration-litigation-mdl-no-3162/,b2a_nonleadership_limits,(b)(2)(A)(vi) any limits on activity by nonleadership counsel,TRUE,TRUE,TRUE,FALSE,""
9,3162,https://www.courtlistener.com/docket/72028506/8/class-action-settlement-administration-litigation-mdl-no-3162/,b2a_compensation,(b)(2)(A)(vii) whether and when to establish a means for compensating leadership counsel,TRUE,TRUE,TRUE,FALSE,""
10,3162,https://www.courtlistener.com/docket/72028506/8/class-action-settlement-administration-litigation-mdl-no-3162/,b2b_vacate_modify,(b)(2)(B) previously entered orders that should be vacated or modified,TRUE,TRUE,TRUE,TRUE,""
11,3162,https://www.courtlistener.com/docket/72028506/8/class-action-settlement-administration-litigation-mdl-no-3162/,b2c_conference_schedule,,TRUE,TRUE,TRUE,FALSE,""
12,3162,https://www.courtlistener.com/docket/72028506/8/class-action-settlement-administration-litigation-mdl-no-3162/,b2d_direct_filing,(b)(2)(D) how to manage the direct filing of new actions,TRUE,TRUE,TRUE,TRUE,R3: automatic consolidation independently prescribes treatment of later-filed actions.
13,3162,https://www.courtlistener.com/docket/72028506/8/class-action-settlement-administration-litigation-mdl-no-3162/,b2e_related_actions,(b)(2)(E) related actions elsewhere and methods for coordinating,TRUE,TRUE,TRUE,TRUE,R3: automatic consolidation independently prescribes coordination of tag-along actions.
14,3162,https://www.courtlistener.com/docket/72028506/8/class-action-settlement-administration-litigation-mdl-no-3162/,b3a_consolidated_pleadings,(b)(3)(A) whether consolidated pleadings should be prepared,TRUE,TRUE,TRUE,FALSE,""
15,3162,https://www.courtlistener.com/docket/72028506/8/class-action-settlement-administration-litigation-mdl-no-3162/,b3b_factual_basis_exchange,(b)(3)(B) how and when the parties will exchange information about the factual bases,TRUE,TRUE,TRUE,TRUE,"R1: report item invokes Rule 26(a)(1), and the order tolls Rules 26-37."
16,3162,https://www.courtlistener.com/docket/72028506/8/class-action-settlement-administration-litigation-mdl-no-3162/,b3c_discovery,"(b)(3)(C) discovery, including any difficult issues",TRUE,TRUE,TRUE,TRUE,""
17,3162,https://www.courtlistener.com/docket/72028506/8/class-action-settlement-administration-litigation-mdl-no-3162/,b3d_pretrial_motions,,TRUE,TRUE,TRUE,TRUE,R2: response timing is stayed and pending motions are administratively terminated.
18,3162,https://www.courtlistener.com/docket/72028506/8/class-action-settlement-administration-litigation-mdl-no-3162/,b3e_settlement_facilitation,(b)(3)(E) measures to facilitate resolving some or all actions,TRUE,TRUE,TRUE,FALSE,""
19,3162,https://www.courtlistener.com/docket/72028506/8/class-action-settlement-administration-litigation-mdl-no-3162/,b3f_magistrate_master,(b)(3)(F) referral to a magistrate judge or a master,TRUE,TRUE,TRUE,FALSE,""
20,3162,https://www.courtlistener.com/docket/72028506/8/class-action-settlement-administration-litigation-mdl-no-3162/,b3g_principal_issues,(b)(3)(G) the principal factual and legal issues likely to be presented,TRUE,TRUE,TRUE,FALSE,""
21,3163,https://www.courtlistener.com/docket/72052106/,b2a_leadership,(b)(2)(A) whether leadership counsel should be appointed,TRUE,TRUE,FALSE,FALSE,R4: court-anticipated conference topic is identified but not directed.
22,3163,https://www.courtlistener.com/docket/72052106/,b2a_timing,(b)(2)(A)(i) the timing of the appointments,FALSE,FALSE,FALSE,FALSE,R6: no statement or request concerning when the court will make appointments.
23,3163,https://www.courtlistener.com/docket/72052106/,b2a_structure,(b)(2)(A)(ii) the structure of leadership counsel,TRUE,TRUE,FALSE,FALSE,R4: court-anticipated conference topic is identified but not directed.
24,3163,https://www.courtlistener.com/docket/72052106/,b2a_selection_procedure,(b)(2)(A)(iii) the procedure for selecting leadership,TRUE,TRUE,FALSE,FALSE,R4: court-anticipated conference topic is identified but not directed.
25,3163,https://www.courtlistener.com/docket/72052106/,b2a_periodic_review,(b)(2)(A)(iii) whether the appointments should be reviewed periodically,FALSE,FALSE,FALSE,FALSE,""
26,3163,https://www.courtlistener.com/docket/72052106/,b2a_responsibilities,(b)(2)(A)(iv) their responsibilities and authority,TRUE,TRUE,FALSE,FALSE,R4: court-anticipated conference topic is identified but not directed.
27,3163,https://www.courtlistener.com/docket/72052106/,b2a_communication,(b)(2)(A)(v) methods for communicating with and reporting to the court and nonleadership counsel,FALSE,FALSE,FALSE,FALSE,""
28,3163,https://www.courtlistener.com/docket/72052106/,b2a_nonleadership_limits,(b)(2)(A)(vi) any limits on activity by nonleadership counsel,TRUE,TRUE,FALSE,FALSE,R4: court-anticipated conference topic is identified but not directed.
29,3163,https://www.courtlistener.com/docket/72052106/,b2a_compensation,(b)(2)(A)(vii) whether and when to establish a means for compensating leadership counsel,TRUE,TRUE,FALSE,FALSE,R4: court-anticipated conference topic is identified but not directed.
30,3163,https://www.courtlistener.com/docket/72052106/,b2b_vacate_modify,(b)(2)(B) previously entered orders that should be vacated or modified,FALSE,FALSE,FALSE,FALSE,""
31,3163,https://www.courtlistener.com/docket/72052106/,b2c_conference_schedule,,TRUE,TRUE,FALSE,FALSE,R4: court-anticipated conference topic is identified but not directed.
32,3163,https://www.courtlistener.com/docket/72052106/,b2d_direct_filing,(b)(2)(D) how to manage the direct filing of new actions,TRUE,TRUE,FALSE,FALSE,R4: court-anticipated conference topic is identified but not directed.
33,3163,https://www.courtlistener.com/docket/72052106/,b2e_related_actions,(b)(2)(E) related actions elsewhere and methods for coordinating,TRUE,TRUE,TRUE,FALSE,""
34,3163,https://www.courtlistener.com/docket/72052106/,b3a_consolidated_pleadings,(b)(3)(A) whether consolidated pleadings should be prepared,TRUE,TRUE,FALSE,FALSE,R4: court-anticipated conference topic is identified but not directed.
35,3163,https://www.courtlistener.com/docket/72052106/,b3b_factual_basis_exchange,(b)(3)(B) how and when the parties will exchange information about the factual bases,TRUE,TRUE,FALSE,FALSE,R4: court-anticipated conference topic is identified but not directed.
36,3163,https://www.courtlistener.com/docket/72052106/,b3c_discovery,"(b)(3)(C) discovery, including any difficult issues",TRUE,TRUE,TRUE,TRUE,"R4: the anticipated discovery agenda is not directed, but the required position statements must report discovery already taken; the discovery stay is operative."
37,3163,https://www.courtlistener.com/docket/72052106/,b3d_pretrial_motions,,TRUE,TRUE,TRUE,TRUE,R2: the order fixes motion-response timing.
38,3163,https://www.courtlistener.com/docket/72052106/,b3e_settlement_facilitation,(b)(3)(E) measures to facilitate resolving some or all actions,FALSE,FALSE,FALSE,FALSE,""
39,3163,https://www.courtlistener.com/docket/72052106/,b3f_magistrate_master,(b)(3)(F) referral to a magistrate judge or a master,FALSE,FALSE,FALSE,FALSE,""
40,3163,https://www.courtlistener.com/docket/72052106/,b3g_principal_issues,(b)(3)(G) the principal factual and legal issues likely to be presented,TRUE,TRUE,TRUE,FALSE,""
41,3166,https://www.courtlistener.com/docket/72030009/,b2a_leadership,(b)(2)(A) whether leadership counsel should be appointed,TRUE,TRUE,TRUE,TRUE,""
42,3166,https://www.courtlistener.com/docket/72030009/,b2a_timing,(b)(2)(A)(i) the timing of the appointments,TRUE,TRUE,FALSE,TRUE,R6: the court says it will appoint lead counsel as soon as possible after the conference.
43,3166,https://www.courtlistener.com/docket/72030009/,b2a_structure,(b)(2)(A)(ii) the structure of leadership counsel,TRUE,TRUE,TRUE,FALSE,""
44,3166,https://www.courtlistener.com/docket/72030009/,b2a_selection_procedure,(b)(2)(A)(iii) the procedure for selecting leadership,TRUE,TRUE,TRUE,TRUE,""
45,3166,https://www.courtlistener.com/docket/72030009/,b2a_periodic_review,(b)(2)(A)(iii) whether the appointments should be reviewed periodically,FALSE,FALSE,FALSE,FALSE,""
46,3166,https://www.courtlistener.com/docket/72030009/,b2a_responsibilities,(b)(2)(A)(iv) their responsibilities and authority,TRUE,TRUE,TRUE,TRUE,""
47,3166,https://www.courtlistener.com/docket/72030009/,b2a_communication,(b)(2)(A)(v) methods for communicating with and reporting to the court and nonleadership counsel,TRUE,TRUE,TRUE,TRUE,R3: liaison duties independently prescribe transmission of court orders and notices.
48,3166,https://www.courtlistener.com/docket/72030009/,b2a_nonleadership_limits,(b)(2)(A)(vi) any limits on activity by nonleadership counsel,FALSE,FALSE,FALSE,FALSE,""
49,3166,https://www.courtlistener.com/docket/72030009/,b2a_compensation,(b)(2)(A)(vii) whether and when to establish a means for compensating leadership counsel,FALSE,FALSE,FALSE,FALSE,R8: equal sharing of liaison expenses is not leadership compensation.
50,3166,https://www.courtlistener.com/docket/72030009/,b2b_vacate_modify,(b)(2)(B) previously entered orders that should be vacated or modified,TRUE,TRUE,TRUE,TRUE,""
51,3166,https://www.courtlistener.com/docket/72030009/,b2c_conference_schedule,,FALSE,FALSE,FALSE,FALSE,""
52,3166,https://www.courtlistener.com/docket/72030009/,b2d_direct_filing,(b)(2)(D) how to manage the direct filing of new actions,TRUE,TRUE,FALSE,TRUE,R3: later-filed tag-alongs are automatically consolidated.
53,3166,https://www.courtlistener.com/docket/72030009/,b2e_related_actions,(b)(2)(E) related actions elsewhere and methods for coordinating,TRUE,TRUE,TRUE,TRUE,R3: notice and automatic-consolidation duties prescribe coordination.
54,3166,https://www.courtlistener.com/docket/72030009/,b3a_consolidated_pleadings,(b)(3)(A) whether consolidated pleadings should be prepared,TRUE,TRUE,TRUE,FALSE,""
55,3166,https://www.courtlistener.com/docket/72030009/,b3b_factual_basis_exchange,(b)(3)(B) how and when the parties will exchange information about the factual bases,TRUE,TRUE,TRUE,FALSE,""
56,3166,https://www.courtlistener.com/docket/72030009/,b3c_discovery,"(b)(3)(C) discovery, including any difficult issues",TRUE,TRUE,TRUE,TRUE,R3: evidence-preservation duties independently prescribe discovery treatment.
57,3166,https://www.courtlistener.com/docket/72030009/,b3d_pretrial_motions,,TRUE,TRUE,TRUE,TRUE,R2: pending motions must be renoticed after the court sets a schedule.
58,3166,https://www.courtlistener.com/docket/72030009/,b3e_settlement_facilitation,(b)(3)(E) measures to facilitate resolving some or all actions,TRUE,TRUE,TRUE,FALSE,""
59,3166,https://www.courtlistener.com/docket/72030009/,b3f_magistrate_master,(b)(3)(F) referral to a magistrate judge or a master,TRUE,TRUE,TRUE,FALSE,""
60,3166,https://www.courtlistener.com/docket/72030009/,b3g_principal_issues,(b)(3)(G) the principal factual and legal issues likely to be presented,TRUE,TRUE,TRUE,FALSE,""
61,3167,https://www.courtlistener.com/docket/72043662/,b2a_leadership,(b)(2)(A) whether leadership counsel should be appointed,TRUE,TRUE,TRUE,FALSE,""
62,3167,https://www.courtlistener.com/docket/72043662/,b2a_timing,(b)(2)(A)(i) the timing of the appointments,TRUE,FALSE,FALSE,FALSE,Rule 16.1(b) incorporation clause; unnamed subjects are reached but not express.
63,3167,https://www.courtlistener.com/docket/72043662/,b2a_structure,(b)(2)(A)(ii) the structure of leadership counsel,TRUE,TRUE,TRUE,FALSE,""
64,3167,https://www.courtlistener.com/docket/72043662/,b2a_selection_procedure,(b)(2)(A)(iii) the procedure for selecting leadership,TRUE,FALSE,FALSE,FALSE,Rule 16.1(b) incorporation clause; unnamed subjects are reached but not express.
65,3167,https://www.courtlistener.com/docket/72043662/,b2a_periodic_review,(b)(2)(A)(iii) whether the appointments should be reviewed periodically,TRUE,FALSE,FALSE,FALSE,Rule 16.1(b) incorporation clause; unnamed subjects are reached but not express.
66,3167,https://www.courtlistener.com/docket/72043662/,b2a_responsibilities,(b)(2)(A)(iv) their responsibilities and authority,TRUE,FALSE,FALSE,FALSE,Rule 16.1(b) incorporation clause; unnamed subjects are reached but not express.
67,3167,https://www.courtlistener.com/docket/72043662/,b2a_communication,(b)(2)(A)(v) methods for communicating with and reporting to the court and nonleadership counsel,TRUE,FALSE,FALSE,FALSE,Rule 16.1(b) incorporation clause; unnamed subjects are reached but not express.
68,3167,https://www.courtlistener.com/docket/72043662/,b2a_nonleadership_limits,(b)(2)(A)(vi) any limits on activity by nonleadership counsel,TRUE,FALSE,FALSE,FALSE,Rule 16.1(b) incorporation clause; unnamed subjects are reached but not express.
69,3167,https://www.courtlistener.com/docket/72043662/,b2a_compensation,(b)(2)(A)(vii) whether and when to establish a means for compensating leadership counsel,TRUE,FALSE,FALSE,FALSE,Rule 16.1(b) incorporation clause; unnamed subjects are reached but not express.
70,3167,https://www.courtlistener.com/docket/72043662/,b2b_vacate_modify,(b)(2)(B) previously entered orders that should be vacated or modified,TRUE,FALSE,FALSE,FALSE,Rule 16.1(b) incorporation clause; unnamed subjects are reached but not express.
71,3167,https://www.courtlistener.com/docket/72043662/,b2c_conference_schedule,,TRUE,FALSE,FALSE,FALSE,Rule 16.1(b) incorporation clause; unnamed subjects are reached but not express.
72,3167,https://www.courtlistener.com/docket/72043662/,b2d_direct_filing,(b)(2)(D) how to manage the direct filing of new actions,TRUE,FALSE,FALSE,FALSE,Rule 16.1(b) incorporation clause; unnamed subjects are reached but not express.
73,3167,https://www.courtlistener.com/docket/72043662/,b2e_related_actions,(b)(2)(E) related actions elsewhere and methods for coordinating,TRUE,TRUE,TRUE,FALSE,""
74,3167,https://www.courtlistener.com/docket/72043662/,b3a_consolidated_pleadings,(b)(3)(A) whether consolidated pleadings should be prepared,TRUE,FALSE,FALSE,FALSE,Rule 16.1(b) incorporation clause; unnamed subjects are reached but not express.
75,3167,https://www.courtlistener.com/docket/72043662/,b3b_factual_basis_exchange,(b)(3)(B) how and when the parties will exchange information about the factual bases,TRUE,FALSE,FALSE,FALSE,Rule 16.1(b) incorporation clause; unnamed subjects are reached but not express.
76,3167,https://www.courtlistener.com/docket/72043662/,b3c_discovery,"(b)(3)(C) discovery, including any difficult issues",TRUE,FALSE,FALSE,FALSE,Rule 16.1(b) incorporation clause; unnamed subjects are reached but not express.
77,3167,https://www.courtlistener.com/docket/72043662/,b3d_pretrial_motions,,TRUE,FALSE,FALSE,FALSE,Rule 16.1(b) incorporation clause; unnamed subjects are reached but not express.
78,3167,https://www.courtlistener.com/docket/72043662/,b3e_settlement_facilitation,(b)(3)(E) measures to facilitate resolving some or all actions,TRUE,FALSE,FALSE,FALSE,Rule 16.1(b) incorporation clause; unnamed subjects are reached but not express.
79,3167,https://www.courtlistener.com/docket/72043662/,b3f_magistrate_master,(b)(3)(F) referral to a magistrate judge or a master,TRUE,FALSE,FALSE,FALSE,Rule 16.1(b) incorporation clause; unnamed subjects are reached but not express.
80,3167,https://www.courtlistener.com/docket/72043662/,b3g_principal_issues,(b)(3)(G) the principal factual and legal issues likely to be presented,TRUE,FALSE,FALSE,FALSE,Rule 16.1(b) incorporation clause; unnamed subjects are reached but not express.
81,3170,https://www.courtlistener.com/docket/71221176/,b2a_leadership,(b)(2)(A) whether leadership counsel should be appointed,TRUE,TRUE,TRUE,FALSE,""
82,3170,https://www.courtlistener.com/docket/71221176/,b2a_timing,(b)(2)(A)(i) the timing of the appointments,TRUE,TRUE,TRUE,FALSE,""
83,3170,https://www.courtlistener.com/docket/71221176/,b2a_structure,(b)(2)(A)(ii) the structure of leadership counsel,TRUE,TRUE,TRUE,FALSE,""
84,3170,https://www.courtlistener.com/docket/71221176/,b2a_selection_procedure,(b)(2)(A)(iii) the procedure for selecting leadership,TRUE,TRUE,TRUE,FALSE,""
85,3170,https://www.courtlistener.com/docket/71221176/,b2a_periodic_review,(b)(2)(A)(iii) whether the appointments should be reviewed periodically,TRUE,TRUE,TRUE,FALSE,""
86,3170,https://www.courtlistener.com/docket/71221176/,b2a_responsibilities,(b)(2)(A)(iv) their responsibilities and authority,TRUE,TRUE,TRUE,FALSE,""
87,3170,https://www.courtlistener.com/docket/71221176/,b2a_communication,(b)(2)(A)(v) methods for communicating with and reporting to the court and nonleadership counsel,TRUE,TRUE,TRUE,FALSE,""
88,3170,https://www.courtlistener.com/docket/71221176/,b2a_nonleadership_limits,(b)(2)(A)(vi) any limits on activity by nonleadership counsel,TRUE,TRUE,TRUE,FALSE,""
89,3170,https://www.courtlistener.com/docket/71221176/,b2a_compensation,(b)(2)(A)(vii) whether and when to establish a means for compensating leadership counsel,TRUE,TRUE,TRUE,FALSE,""
90,3170,https://www.courtlistener.com/docket/71221176/,b2b_vacate_modify,(b)(2)(B) previously entered orders that should be vacated or modified,TRUE,TRUE,TRUE,FALSE,""
91,3170,https://www.courtlistener.com/docket/71221176/,b2c_conference_schedule,,TRUE,TRUE,TRUE,FALSE,""
92,3170,https://www.courtlistener.com/docket/71221176/,b2d_direct_filing,(b)(2)(D) how to manage the direct filing of new actions,TRUE,TRUE,TRUE,TRUE,R3: CMO #1 independently prescribes direct filing and the filing fee.
93,3170,https://www.courtlistener.com/docket/71221176/,b2e_related_actions,(b)(2)(E) related actions elsewhere and methods for coordinating,TRUE,TRUE,TRUE,TRUE,R3: automatic consolidation independently prescribes coordination of later-filed actions.
94,3170,https://www.courtlistener.com/docket/71221176/,b3a_consolidated_pleadings,(b)(3)(A) whether consolidated pleadings should be prepared,TRUE,TRUE,TRUE,FALSE,""
95,3170,https://www.courtlistener.com/docket/71221176/,b3b_factual_basis_exchange,(b)(3)(B) how and when the parties will exchange information about the factual bases,TRUE,TRUE,TRUE,FALSE,R1: the general discovery stay does not resolve this separately stated report item.
96,3170,https://www.courtlistener.com/docket/71221176/,b3c_discovery,"(b)(3)(C) discovery, including any difficult issues",TRUE,TRUE,TRUE,TRUE,""
97,3170,https://www.courtlistener.com/docket/71221176/,b3d_pretrial_motions,,TRUE,TRUE,TRUE,TRUE,R2: complaint-response timing and treatment of pending motions are fixed.
98,3170,https://www.courtlistener.com/docket/71221176/,b3e_settlement_facilitation,(b)(3)(E) measures to facilitate resolving some or all actions,TRUE,TRUE,TRUE,FALSE,R3: the leadership-responsibility item independently solicits a role in facilitating resolution.
99,3170,https://www.courtlistener.com/docket/71221176/,b3f_magistrate_master,(b)(3)(F) referral to a magistrate judge or a master,TRUE,TRUE,TRUE,FALSE,""
100,3170,https://www.courtlistener.com/docket/71221176/,b3g_principal_issues,(b)(3)(G) the principal factual and legal issues likely to be presented,TRUE,TRUE,TRUE,FALSE,""
101,3171,https://www.courtlistener.com/docket/72240870/2/in-re-lyft-inc-passenger-sexual-assault-litigation/,b2a_leadership,(b)(2)(A) whether leadership counsel should be appointed,TRUE,TRUE,TRUE,TRUE,""
102,3171,https://www.courtlistener.com/docket/72240870/2/in-re-lyft-inc-passenger-sexual-assault-litigation/,b2a_timing,(b)(2)(A)(i) the timing of the appointments,TRUE,TRUE,TRUE,TRUE,R6: the order states when the court will appoint lead counsel.
103,3171,https://www.courtlistener.com/docket/72240870/2/in-re-lyft-inc-passenger-sexual-assault-litigation/,b2a_structure,(b)(2)(A)(ii) the structure of leadership counsel,TRUE,TRUE,TRUE,FALSE,""
104,3171,https://www.courtlistener.com/docket/72240870/2/in-re-lyft-inc-passenger-sexual-assault-litigation/,b2a_selection_procedure,(b)(2)(A)(iii) the procedure for selecting leadership,TRUE,TRUE,TRUE,TRUE,""
105,3171,https://www.courtlistener.com/docket/72240870/2/in-re-lyft-inc-passenger-sexual-assault-litigation/,b2a_periodic_review,(b)(2)(A)(iii) whether the appointments should be reviewed periodically,TRUE,FALSE,FALSE,FALSE,""
106,3171,https://www.courtlistener.com/docket/72240870/2/in-re-lyft-inc-passenger-sexual-assault-litigation/,b2a_responsibilities,(b)(2)(A)(iv) their responsibilities and authority,TRUE,TRUE,TRUE,TRUE,""
107,3171,https://www.courtlistener.com/docket/72240870/2/in-re-lyft-inc-passenger-sexual-assault-litigation/,b2a_communication,(b)(2)(A)(v) methods for communicating with and reporting to the court and nonleadership counsel,TRUE,FALSE,FALSE,FALSE,R7: the point-of-contact role lacks a leadership title; this subject is reached only by incorporation.
108,3171,https://www.courtlistener.com/docket/72240870/2/in-re-lyft-inc-passenger-sexual-assault-litigation/,b2a_nonleadership_limits,(b)(2)(A)(vi) any limits on activity by nonleadership counsel,TRUE,FALSE,FALSE,FALSE,""
109,3171,https://www.courtlistener.com/docket/72240870/2/in-re-lyft-inc-passenger-sexual-assault-litigation/,b2a_compensation,(b)(2)(A)(vii) whether and when to establish a means for compensating leadership counsel,TRUE,TRUE,TRUE,FALSE,R8: point-of-contact expense sharing is not compensation; the common-benefit-fund proposal independently makes the subject express.
110,3171,https://www.courtlistener.com/docket/72240870/2/in-re-lyft-inc-passenger-sexual-assault-litigation/,b2b_vacate_modify,(b)(2)(B) previously entered orders that should be vacated or modified,TRUE,TRUE,TRUE,TRUE,""
111,3171,https://www.courtlistener.com/docket/72240870/2/in-re-lyft-inc-passenger-sexual-assault-litigation/,b2c_conference_schedule,,TRUE,FALSE,FALSE,FALSE,""
112,3171,https://www.courtlistener.com/docket/72240870/2/in-re-lyft-inc-passenger-sexual-assault-litigation/,b2d_direct_filing,(b)(2)(D) how to manage the direct filing of new actions,TRUE,TRUE,TRUE,TRUE,""
113,3171,https://www.courtlistener.com/docket/72240870/2/in-re-lyft-inc-passenger-sexual-assault-litigation/,b2e_related_actions,(b)(2)(E) related actions elsewhere and methods for coordinating,TRUE,TRUE,TRUE,TRUE,""
114,3171,https://www.courtlistener.com/docket/72240870/2/in-re-lyft-inc-passenger-sexual-assault-litigation/,b3a_consolidated_pleadings,(b)(3)(A) whether consolidated pleadings should be prepared,TRUE,TRUE,TRUE,FALSE,""
115,3171,https://www.courtlistener.com/docket/72240870/2/in-re-lyft-inc-passenger-sexual-assault-litigation/,b3b_factual_basis_exchange,(b)(3)(B) how and when the parties will exchange information about the factual bases,TRUE,TRUE,TRUE,FALSE,R1: the discovery stay does not resolve factual-basis exchange because the item does not invoke stayed discovery machinery.
116,3171,https://www.courtlistener.com/docket/72240870/2/in-re-lyft-inc-passenger-sexual-assault-litigation/,b3c_discovery,"(b)(3)(C) discovery, including any difficult issues",TRUE,TRUE,TRUE,TRUE,""
117,3171,https://www.courtlistener.com/docket/72240870/2/in-re-lyft-inc-passenger-sexual-assault-litigation/,b3d_pretrial_motions,,TRUE,TRUE,TRUE,TRUE,R2: response timing and renoticing of pending motions are fixed.
118,3171,https://www.courtlistener.com/docket/72240870/2/in-re-lyft-inc-passenger-sexual-assault-litigation/,b3e_settlement_facilitation,(b)(3)(E) measures to facilitate resolving some or all actions,TRUE,TRUE,TRUE,TRUE,R3: the settlement-master submission procedure independently prescribes treatment.
119,3171,https://www.courtlistener.com/docket/72240870/2/in-re-lyft-inc-passenger-sexual-assault-litigation/,b3f_magistrate_master,(b)(3)(F) referral to a magistrate judge or a master,TRUE,TRUE,TRUE,FALSE,""
120,3171,https://www.courtlistener.com/docket/72240870/2/in-re-lyft-inc-passenger-sexual-assault-litigation/,b3g_principal_issues,(b)(3)(G) the principal factual and legal issues likely to be presented,TRUE,TRUE,TRUE,FALSE,""
121,3172,https://www.courtlistener.com/docket/72249116/,b2a_leadership,(b)(2)(A) whether leadership counsel should be appointed,TRUE,TRUE,TRUE,TRUE,Closure test/R5: later June 22 chambers letter excluded; anchor ECF 5 only.
122,3172,https://www.courtlistener.com/docket/72249116/,b2a_timing,(b)(2)(A)(i) the timing of the appointments,FALSE,FALSE,FALSE,FALSE,Closure test/R5: later June 22 chambers letter excluded; anchor ECF 5 only. R6: candidate-selection timing is not appointment timing.
123,3172,https://www.courtlistener.com/docket/72249116/,b2a_structure,(b)(2)(A)(ii) the structure of leadership counsel,TRUE,TRUE,FALSE,TRUE,Closure test/R5: later June 22 chambers letter excluded; anchor ECF 5 only.
124,3172,https://www.courtlistener.com/docket/72249116/,b2a_selection_procedure,(b)(2)(A)(iii) the procedure for selecting leadership,TRUE,TRUE,TRUE,TRUE,Closure test/R5: later June 22 chambers letter excluded; anchor ECF 5 only.
125,3172,https://www.courtlistener.com/docket/72249116/,b2a_periodic_review,(b)(2)(A)(iii) whether the appointments should be reviewed periodically,FALSE,FALSE,FALSE,FALSE,Closure test/R5: later June 22 chambers letter excluded; anchor ECF 5 only.
126,3172,https://www.courtlistener.com/docket/72249116/,b2a_responsibilities,(b)(2)(A)(iv) their responsibilities and authority,TRUE,TRUE,TRUE,TRUE,Closure test/R5: later June 22 chambers letter excluded; anchor ECF 5 only.
127,3172,https://www.courtlistener.com/docket/72249116/,b2a_communication,(b)(2)(A)(v) methods for communicating with and reporting to the court and nonleadership counsel,TRUE,TRUE,TRUE,TRUE,Closure test/R5: later June 22 chambers letter excluded; anchor ECF 5 only. R3: liaison duties independently prescribe communications.
128,3172,https://www.courtlistener.com/docket/72249116/,b2a_nonleadership_limits,(b)(2)(A)(vi) any limits on activity by nonleadership counsel,FALSE,FALSE,FALSE,FALSE,Closure test/R5: later June 22 chambers letter excluded; anchor ECF 5 only.
129,3172,https://www.courtlistener.com/docket/72249116/,b2a_compensation,(b)(2)(A)(vii) whether and when to establish a means for compensating leadership counsel,FALSE,FALSE,FALSE,FALSE,Closure test/R5: later June 22 chambers letter excluded; anchor ECF 5 only.
130,3172,https://www.courtlistener.com/docket/72249116/,b2b_vacate_modify,(b)(2)(B) previously entered orders that should be vacated or modified,TRUE,TRUE,FALSE,TRUE,Closure test/R5: later June 22 chambers letter excluded; anchor ECF 5 only.
131,3172,https://www.courtlistener.com/docket/72249116/,b2c_conference_schedule,,FALSE,FALSE,FALSE,FALSE,Closure test/R5: later June 22 chambers letter excluded; anchor ECF 5 only.
132,3172,https://www.courtlistener.com/docket/72249116/,b2d_direct_filing,(b)(2)(D) how to manage the direct filing of new actions,TRUE,TRUE,FALSE,TRUE,Closure test/R5: later June 22 chambers letter excluded; anchor ECF 5 only.
133,3172,https://www.courtlistener.com/docket/72249116/,b2e_related_actions,(b)(2)(E) related actions elsewhere and methods for coordinating,TRUE,TRUE,FALSE,TRUE,Closure test/R5: later June 22 chambers letter excluded; anchor ECF 5 only.
134,3172,https://www.courtlistener.com/docket/72249116/,b3a_consolidated_pleadings,(b)(3)(A) whether consolidated pleadings should be prepared,FALSE,FALSE,FALSE,FALSE,Closure test/R5: later June 22 chambers letter excluded; anchor ECF 5 only.
135,3172,https://www.courtlistener.com/docket/72249116/,b3b_factual_basis_exchange,(b)(3)(B) how and when the parties will exchange information about the factual bases,FALSE,FALSE,FALSE,FALSE,Closure test/R5: later June 22 chambers letter excluded; anchor ECF 5 only.
136,3172,https://www.courtlistener.com/docket/72249116/,b3c_discovery,"(b)(3)(C) discovery, including any difficult issues",TRUE,TRUE,TRUE,TRUE,Closure test/R5: later June 22 chambers letter excluded; anchor ECF 5 only.
137,3172,https://www.courtlistener.com/docket/72249116/,b3d_pretrial_motions,,TRUE,TRUE,TRUE,TRUE,Closure test/R5: later June 22 chambers letter excluded; anchor ECF 5 only. R2: motion-response timing and hearing treatment are fixed.
138,3172,https://www.courtlistener.com/docket/72249116/,b3e_settlement_facilitation,(b)(3)(E) measures to facilitate resolving some or all actions,FALSE,FALSE,FALSE,FALSE,Closure test/R5: later June 22 chambers letter excluded; anchor ECF 5 only.
139,3172,https://www.courtlistener.com/docket/72249116/,b3f_magistrate_master,(b)(3)(F) referral to a magistrate judge or a master,FALSE,FALSE,FALSE,FALSE,Closure test/R5: later June 22 chambers letter excluded; anchor ECF 5 only.
140,3172,https://www.courtlistener.com/docket/72249116/,b3g_principal_issues,(b)(3)(G) the principal factual and legal issues likely to be presented,FALSE,FALSE,FALSE,FALSE,Closure test/R5: later June 22 chambers letter excluded; anchor ECF 5 only.
141,3174,https://www.courtlistener.com/docket/72239188/4/in-re-air-crash-at-muan-international-airport-south-korea-on-december-29/,b2a_leadership,(b)(2)(A) whether leadership counsel should be appointed,TRUE,TRUE,TRUE,FALSE,""
142,3174,https://www.courtlistener.com/docket/72239188/4/in-re-air-crash-at-muan-international-airport-south-korea-on-december-29/,b2a_timing,(b)(2)(A)(i) the timing of the appointments,TRUE,TRUE,TRUE,FALSE,""
143,3174,https://www.courtlistener.com/docket/72239188/4/in-re-air-crash-at-muan-international-airport-south-korea-on-december-29/,b2a_structure,(b)(2)(A)(ii) the structure of leadership counsel,TRUE,TRUE,TRUE,FALSE,""
144,3174,https://www.courtlistener.com/docket/72239188/4/in-re-air-crash-at-muan-international-airport-south-korea-on-december-29/,b2a_selection_procedure,(b)(2)(A)(iii) the procedure for selecting leadership,TRUE,TRUE,TRUE,FALSE,""
145,3174,https://www.courtlistener.com/docket/72239188/4/in-re-air-crash-at-muan-international-airport-south-korea-on-december-29/,b2a_periodic_review,(b)(2)(A)(iii) whether the appointments should be reviewed periodically,TRUE,TRUE,TRUE,FALSE,""
146,3174,https://www.courtlistener.com/docket/72239188/4/in-re-air-crash-at-muan-international-airport-south-korea-on-december-29/,b2a_responsibilities,(b)(2)(A)(iv) their responsibilities and authority,TRUE,TRUE,TRUE,FALSE,""
147,3174,https://www.courtlistener.com/docket/72239188/4/in-re-air-crash-at-muan-international-airport-south-korea-on-december-29/,b2a_communication,(b)(2)(A)(v) methods for communicating with and reporting to the court and nonleadership counsel,TRUE,TRUE,TRUE,FALSE,""
148,3174,https://www.courtlistener.com/docket/72239188/4/in-re-air-crash-at-muan-international-airport-south-korea-on-december-29/,b2a_nonleadership_limits,(b)(2)(A)(vi) any limits on activity by nonleadership counsel,TRUE,TRUE,TRUE,FALSE,""
149,3174,https://www.courtlistener.com/docket/72239188/4/in-re-air-crash-at-muan-international-airport-south-korea-on-december-29/,b2a_compensation,(b)(2)(A)(vii) whether and when to establish a means for compensating leadership counsel,TRUE,TRUE,TRUE,FALSE,""
150,3174,https://www.courtlistener.com/docket/72239188/4/in-re-air-crash-at-muan-international-airport-south-korea-on-december-29/,b2b_vacate_modify,(b)(2)(B) previously entered orders that should be vacated or modified,TRUE,TRUE,TRUE,FALSE,""
151,3174,https://www.courtlistener.com/docket/72239188/4/in-re-air-crash-at-muan-international-airport-south-korea-on-december-29/,b2c_conference_schedule,,TRUE,TRUE,TRUE,FALSE,""
152,3174,https://www.courtlistener.com/docket/72239188/4/in-re-air-crash-at-muan-international-airport-south-korea-on-december-29/,b2d_direct_filing,(b)(2)(D) how to manage the direct filing of new actions,TRUE,TRUE,TRUE,FALSE,""
153,3174,https://www.courtlistener.com/docket/72239188/4/in-re-air-crash-at-muan-international-airport-south-korea-on-december-29/,b2e_related_actions,(b)(2)(E) related actions elsewhere and methods for coordinating,TRUE,TRUE,TRUE,FALSE,""
154,3174,https://www.courtlistener.com/docket/72239188/4/in-re-air-crash-at-muan-international-airport-south-korea-on-december-29/,b3a_consolidated_pleadings,(b)(3)(A) whether consolidated pleadings should be prepared,TRUE,TRUE,TRUE,FALSE,""
155,3174,https://www.courtlistener.com/docket/72239188/4/in-re-air-crash-at-muan-international-airport-south-korea-on-december-29/,b3b_factual_basis_exchange,(b)(3)(B) how and when the parties will exchange information about the factual bases,TRUE,TRUE,TRUE,FALSE,""
156,3174,https://www.courtlistener.com/docket/72239188/4/in-re-air-crash-at-muan-international-airport-south-korea-on-december-29/,b3c_discovery,"(b)(3)(C) discovery, including any difficult issues",TRUE,TRUE,TRUE,FALSE,""
157,3174,https://www.courtlistener.com/docket/72239188/4/in-re-air-crash-at-muan-international-airport-south-korea-on-december-29/,b3d_pretrial_motions,,TRUE,TRUE,TRUE,FALSE,""
158,3174,https://www.courtlistener.com/docket/72239188/4/in-re-air-crash-at-muan-international-airport-south-korea-on-december-29/,b3e_settlement_facilitation,(b)(3)(E) measures to facilitate resolving some or all actions,TRUE,TRUE,TRUE,FALSE,""
159,3174,https://www.courtlistener.com/docket/72239188/4/in-re-air-crash-at-muan-international-airport-south-korea-on-december-29/,b3f_magistrate_master,(b)(3)(F) referral to a magistrate judge or a master,TRUE,TRUE,TRUE,FALSE,""
160,3174,https://www.courtlistener.com/docket/72239188/4/in-re-air-crash-at-muan-international-airport-south-korea-on-december-29/,b3g_principal_issues,(b)(3)(G) the principal factual and legal issues likely to be presented,TRUE,TRUE,TRUE,FALSE,""
161,3175,https://www.courtlistener.com/docket/72280418/6/in-re-shell-eggs-antitrust-litigation/,b2a_leadership,(b)(2)(A) whether leadership counsel should be appointed,TRUE,TRUE,TRUE,FALSE,""
162,3175,https://www.courtlistener.com/docket/72280418/6/in-re-shell-eggs-antitrust-litigation/,b2a_timing,(b)(2)(A)(i) the timing of the appointments,TRUE,FALSE,FALSE,FALSE,R6: the report and conference calendar does not state when the court will make appointments.
163,3175,https://www.courtlistener.com/docket/72280418/6/in-re-shell-eggs-antitrust-litigation/,b2a_structure,(b)(2)(A)(ii) the structure of leadership counsel,TRUE,FALSE,FALSE,FALSE,Rule 16.1 incorporation clause; unnamed subjects are reached but not express.
164,3175,https://www.courtlistener.com/docket/72280418/6/in-re-shell-eggs-antitrust-litigation/,b2a_selection_procedure,(b)(2)(A)(iii) the procedure for selecting leadership,TRUE,TRUE,TRUE,TRUE,R3: the order prescribes conference attendance for lawyers seeking leadership.
165,3175,https://www.courtlistener.com/docket/72280418/6/in-re-shell-eggs-antitrust-litigation/,b2a_periodic_review,(b)(2)(A)(iii) whether the appointments should be reviewed periodically,TRUE,FALSE,FALSE,FALSE,Rule 16.1 incorporation clause; unnamed subjects are reached but not express.
166,3175,https://www.courtlistener.com/docket/72280418/6/in-re-shell-eggs-antitrust-litigation/,b2a_responsibilities,(b)(2)(A)(iv) their responsibilities and authority,TRUE,FALSE,FALSE,FALSE,Rule 16.1 incorporation clause; unnamed subjects are reached but not express.
167,3175,https://www.courtlistener.com/docket/72280418/6/in-re-shell-eggs-antitrust-litigation/,b2a_communication,(b)(2)(A)(v) methods for communicating with and reporting to the court and nonleadership counsel,TRUE,FALSE,FALSE,FALSE,Rule 16.1 incorporation clause; unnamed subjects are reached but not express.
168,3175,https://www.courtlistener.com/docket/72280418/6/in-re-shell-eggs-antitrust-litigation/,b2a_nonleadership_limits,(b)(2)(A)(vi) any limits on activity by nonleadership counsel,TRUE,FALSE,FALSE,FALSE,Rule 16.1 incorporation clause; unnamed subjects are reached but not express.
169,3175,https://www.courtlistener.com/docket/72280418/6/in-re-shell-eggs-antitrust-litigation/,b2a_compensation,(b)(2)(A)(vii) whether and when to establish a means for compensating leadership counsel,TRUE,FALSE,FALSE,FALSE,Rule 16.1 incorporation clause; unnamed subjects are reached but not express.
170,3175,https://www.courtlistener.com/docket/72280418/6/in-re-shell-eggs-antitrust-litigation/,b2b_vacate_modify,(b)(2)(B) previously entered orders that should be vacated or modified,TRUE,FALSE,FALSE,FALSE,Rule 16.1 incorporation clause; unnamed subjects are reached but not express.
171,3175,https://www.courtlistener.com/docket/72280418/6/in-re-shell-eggs-antitrust-litigation/,b2c_conference_schedule,,TRUE,FALSE,FALSE,FALSE,Rule 16.1 incorporation clause; unnamed subjects are reached but not express.
172,3175,https://www.courtlistener.com/docket/72280418/6/in-re-shell-eggs-antitrust-litigation/,b2d_direct_filing,(b)(2)(D) how to manage the direct filing of new actions,TRUE,TRUE,TRUE,TRUE,""
173,3175,https://www.courtlistener.com/docket/72280418/6/in-re-shell-eggs-antitrust-litigation/,b2e_related_actions,(b)(2)(E) related actions elsewhere and methods for coordinating,TRUE,TRUE,TRUE,TRUE,""
174,3175,https://www.courtlistener.com/docket/72280418/6/in-re-shell-eggs-antitrust-litigation/,b3a_consolidated_pleadings,(b)(3)(A) whether consolidated pleadings should be prepared,TRUE,FALSE,FALSE,FALSE,Rule 16.1 incorporation clause; unnamed subjects are reached but not express.
175,3175,https://www.courtlistener.com/docket/72280418/6/in-re-shell-eggs-antitrust-litigation/,b3b_factual_basis_exchange,(b)(3)(B) how and when the parties will exchange information about the factual bases,TRUE,FALSE,FALSE,FALSE,Rule 16.1 incorporation clause; unnamed subjects are reached but not express.
176,3175,https://www.courtlistener.com/docket/72280418/6/in-re-shell-eggs-antitrust-litigation/,b3c_discovery,"(b)(3)(C) discovery, including any difficult issues",TRUE,FALSE,FALSE,FALSE,Rule 16.1 incorporation clause; unnamed subjects are reached but not express.
177,3175,https://www.courtlistener.com/docket/72280418/6/in-re-shell-eggs-antitrust-litigation/,b3d_pretrial_motions,,TRUE,FALSE,FALSE,FALSE,Rule 16.1 incorporation clause; unnamed subjects are reached but not express.
178,3175,https://www.courtlistener.com/docket/72280418/6/in-re-shell-eggs-antitrust-litigation/,b3e_settlement_facilitation,(b)(3)(E) measures to facilitate resolving some or all actions,TRUE,FALSE,FALSE,FALSE,Rule 16.1 incorporation clause; unnamed subjects are reached but not express.
179,3175,https://www.courtlistener.com/docket/72280418/6/in-re-shell-eggs-antitrust-litigation/,b3f_magistrate_master,(b)(3)(F) referral to a magistrate judge or a master,TRUE,FALSE,FALSE,FALSE,Rule 16.1 incorporation clause; unnamed subjects are reached but not express.
180,3175,https://www.courtlistener.com/docket/72280418/6/in-re-shell-eggs-antitrust-litigation/,b3g_principal_issues,(b)(3)(G) the principal factual and legal issues likely to be presented,TRUE,FALSE,FALSE,FALSE,Rule 16.1 incorporation clause; unnamed subjects are reached but not express.
181,3178,https://www.courtlistener.com/docket/73156009/,b2a_leadership,(b)(2)(A) whether leadership counsel should be appointed,TRUE,TRUE,TRUE,FALSE,""
182,3178,https://www.courtlistener.com/docket/73156009/,b2a_timing,(b)(2)(A)(i) the timing of the appointments,FALSE,FALSE,FALSE,FALSE,R6: no statement or request concerning when the court will make appointments.
183,3178,https://www.courtlistener.com/docket/73156009/,b2a_structure,(b)(2)(A)(ii) the structure of leadership counsel,FALSE,FALSE,FALSE,FALSE,""
184,3178,https://www.courtlistener.com/docket/73156009/,b2a_selection_procedure,(b)(2)(A)(iii) the procedure for selecting leadership,TRUE,TRUE,TRUE,FALSE,""
185,3178,https://www.courtlistener.com/docket/73156009/,b2a_periodic_review,(b)(2)(A)(iii) whether the appointments should be reviewed periodically,FALSE,FALSE,FALSE,FALSE,""
186,3178,https://www.courtlistener.com/docket/73156009/,b2a_responsibilities,(b)(2)(A)(iv) their responsibilities and authority,FALSE,FALSE,FALSE,FALSE,""
187,3178,https://www.courtlistener.com/docket/73156009/,b2a_communication,(b)(2)(A)(v) methods for communicating with and reporting to the court and nonleadership counsel,FALSE,FALSE,FALSE,FALSE,""
188,3178,https://www.courtlistener.com/docket/73156009/,b2a_nonleadership_limits,(b)(2)(A)(vi) any limits on activity by nonleadership counsel,FALSE,FALSE,FALSE,FALSE,""
189,3178,https://www.courtlistener.com/docket/73156009/,b2a_compensation,(b)(2)(A)(vii) whether and when to establish a means for compensating leadership counsel,FALSE,FALSE,FALSE,FALSE,""
190,3178,https://www.courtlistener.com/docket/73156009/,b2b_vacate_modify,(b)(2)(B) previously entered orders that should be vacated or modified,FALSE,FALSE,FALSE,FALSE,""
191,3178,https://www.courtlistener.com/docket/73156009/,b2c_conference_schedule,,FALSE,FALSE,FALSE,FALSE,""
192,3178,https://www.courtlistener.com/docket/73156009/,b2d_direct_filing,(b)(2)(D) how to manage the direct filing of new actions,FALSE,FALSE,FALSE,FALSE,""
193,3178,https://www.courtlistener.com/docket/73156009/,b2e_related_actions,(b)(2)(E) related actions elsewhere and methods for coordinating,FALSE,FALSE,FALSE,FALSE,""
194,3178,https://www.courtlistener.com/docket/73156009/,b3a_consolidated_pleadings,(b)(3)(A) whether consolidated pleadings should be prepared,FALSE,FALSE,FALSE,FALSE,""
195,3178,https://www.courtlistener.com/docket/73156009/,b3b_factual_basis_exchange,(b)(3)(B) how and when the parties will exchange information about the factual bases,FALSE,FALSE,FALSE,FALSE,""
196,3178,https://www.courtlistener.com/docket/73156009/,b3c_discovery,"(b)(3)(C) discovery, including any difficult issues",TRUE,TRUE,TRUE,TRUE,""
197,3178,https://www.courtlistener.com/docket/73156009/,b3d_pretrial_motions,,TRUE,TRUE,TRUE,FALSE,""
198,3178,https://www.courtlistener.com/docket/73156009/,b3e_settlement_facilitation,(b)(3)(E) measures to facilitate resolving some or all actions,FALSE,FALSE,FALSE,FALSE,""
199,3178,https://www.courtlistener.com/docket/73156009/,b3f_magistrate_master,(b)(3)(F) referral to a magistrate judge or a master,FALSE,FALSE,FALSE,FALSE,""
200,3178,https://www.courtlistener.com/docket/73156009/,b3g_principal_issues,(b)(3)(G) the principal factual and legal issues likely to be presented,FALSE,FALSE,FALSE,FALSE,""
201,3179,https://www.courtlistener.com/docket/73150899/,b2a_leadership,(b)(2)(A) whether leadership counsel should be appointed,TRUE,TRUE,TRUE,TRUE,""
202,3179,https://www.courtlistener.com/docket/73150899/,b2a_timing,(b)(2)(A)(i) the timing of the appointments,FALSE,FALSE,FALSE,FALSE,"R6: the status-report deadline is selection procedure, not timing of court appointments."
203,3179,https://www.courtlistener.com/docket/73150899/,b2a_structure,(b)(2)(A)(ii) the structure of leadership counsel,TRUE,TRUE,TRUE,TRUE,""
204,3179,https://www.courtlistener.com/docket/73150899/,b2a_selection_procedure,(b)(2)(A)(iii) the procedure for selecting leadership,TRUE,TRUE,TRUE,TRUE,R3: conditional status-report procedure fixes what happens if counsel cannot agree.
205,3179,https://www.courtlistener.com/docket/73150899/,b2a_periodic_review,(b)(2)(A)(iii) whether the appointments should be reviewed periodically,FALSE,FALSE,FALSE,FALSE,""
206,3179,https://www.courtlistener.com/docket/73150899/,b2a_responsibilities,(b)(2)(A)(iv) their responsibilities and authority,FALSE,FALSE,FALSE,FALSE,""
207,3179,https://www.courtlistener.com/docket/73150899/,b2a_communication,(b)(2)(A)(v) methods for communicating with and reporting to the court and nonleadership counsel,FALSE,FALSE,FALSE,FALSE,""
208,3179,https://www.courtlistener.com/docket/73150899/,b2a_nonleadership_limits,(b)(2)(A)(vi) any limits on activity by nonleadership counsel,FALSE,FALSE,FALSE,FALSE,""
209,3179,https://www.courtlistener.com/docket/73150899/,b2a_compensation,(b)(2)(A)(vii) whether and when to establish a means for compensating leadership counsel,FALSE,FALSE,FALSE,FALSE,""
210,3179,https://www.courtlistener.com/docket/73150899/,b2b_vacate_modify,(b)(2)(B) previously entered orders that should be vacated or modified,FALSE,FALSE,FALSE,FALSE,""
211,3179,https://www.courtlistener.com/docket/73150899/,b2c_conference_schedule,,FALSE,FALSE,FALSE,FALSE,""
212,3179,https://www.courtlistener.com/docket/73150899/,b2d_direct_filing,(b)(2)(D) how to manage the direct filing of new actions,FALSE,FALSE,FALSE,FALSE,""
213,3179,https://www.courtlistener.com/docket/73150899/,b2e_related_actions,(b)(2)(E) related actions elsewhere and methods for coordinating,FALSE,FALSE,FALSE,FALSE,""
214,3179,https://www.courtlistener.com/docket/73150899/,b3a_consolidated_pleadings,(b)(3)(A) whether consolidated pleadings should be prepared,FALSE,FALSE,FALSE,FALSE,""
215,3179,https://www.courtlistener.com/docket/73150899/,b3b_factual_basis_exchange,(b)(3)(B) how and when the parties will exchange information about the factual bases,FALSE,FALSE,FALSE,FALSE,""
216,3179,https://www.courtlistener.com/docket/73150899/,b3c_discovery,"(b)(3)(C) discovery, including any difficult issues",FALSE,FALSE,FALSE,FALSE,""
217,3179,https://www.courtlistener.com/docket/73150899/,b3d_pretrial_motions,,FALSE,FALSE,FALSE,FALSE,""
218,3179,https://www.courtlistener.com/docket/73150899/,b3e_settlement_facilitation,(b)(3)(E) measures to facilitate resolving some or all actions,FALSE,FALSE,FALSE,FALSE,""
219,3179,https://www.courtlistener.com/docket/73150899/,b3f_magistrate_master,(b)(3)(F) referral to a magistrate judge or a master,FALSE,FALSE,FALSE,FALSE,""
220,3179,https://www.courtlistener.com/docket/73150899/,b3g_principal_issues,(b)(3)(G) the principal factual and legal issues likely to be presented,TRUE,TRUE,FALSE,FALSE,"R4: jurisdictional issues are a court-anticipated discussion topic, not directed filing content."
221,3180,https://www.courtlistener.com/docket/73443394/,b2a_leadership,(b)(2)(A) whether leadership counsel should be appointed,TRUE,TRUE,TRUE,FALSE,""
222,3180,https://www.courtlistener.com/docket/73443394/,b2a_timing,(b)(2)(A)(i) the timing of the appointments,TRUE,TRUE,TRUE,FALSE,""
223,3180,https://www.courtlistener.com/docket/73443394/,b2a_structure,(b)(2)(A)(ii) the structure of leadership counsel,TRUE,TRUE,TRUE,FALSE,""
224,3180,https://www.courtlistener.com/docket/73443394/,b2a_selection_procedure,(b)(2)(A)(iii) the procedure for selecting leadership,TRUE,TRUE,TRUE,FALSE,""
225,3180,https://www.courtlistener.com/docket/73443394/,b2a_periodic_review,(b)(2)(A)(iii) whether the appointments should be reviewed periodically,TRUE,TRUE,TRUE,FALSE,""
226,3180,https://www.courtlistener.com/docket/73443394/,b2a_responsibilities,(b)(2)(A)(iv) their responsibilities and authority,TRUE,TRUE,TRUE,FALSE,""
227,3180,https://www.courtlistener.com/docket/73443394/,b2a_communication,(b)(2)(A)(v) methods for communicating with and reporting to the court and nonleadership counsel,TRUE,TRUE,TRUE,FALSE,""
228,3180,https://www.courtlistener.com/docket/73443394/,b2a_nonleadership_limits,(b)(2)(A)(vi) any limits on activity by nonleadership counsel,TRUE,TRUE,TRUE,FALSE,""
229,3180,https://www.courtlistener.com/docket/73443394/,b2a_compensation,(b)(2)(A)(vii) whether and when to establish a means for compensating leadership counsel,TRUE,TRUE,TRUE,FALSE,""
230,3180,https://www.courtlistener.com/docket/73443394/,b2b_vacate_modify,(b)(2)(B) previously entered orders that should be vacated or modified,TRUE,TRUE,TRUE,TRUE,""
231,3180,https://www.courtlistener.com/docket/73443394/,b2c_conference_schedule,,TRUE,TRUE,TRUE,FALSE,""
232,3180,https://www.courtlistener.com/docket/73443394/,b2d_direct_filing,(b)(2)(D) how to manage the direct filing of new actions,TRUE,TRUE,TRUE,TRUE,R3: automatic consolidation independently prescribes treatment of later-filed actions.
233,3180,https://www.courtlistener.com/docket/73443394/,b2e_related_actions,(b)(2)(E) related actions elsewhere and methods for coordinating,TRUE,TRUE,TRUE,TRUE,R3: automatic consolidation independently prescribes coordination of tag-along actions.
234,3180,https://www.courtlistener.com/docket/73443394/,b3a_consolidated_pleadings,(b)(3)(A) whether consolidated pleadings should be prepared,TRUE,TRUE,TRUE,FALSE,""
235,3180,https://www.courtlistener.com/docket/73443394/,b3b_factual_basis_exchange,(b)(3)(B) how and when the parties will exchange information about the factual bases,TRUE,TRUE,TRUE,TRUE,R1: the factual-basis item invokes Rule 26 machinery stayed by the order.
236,3180,https://www.courtlistener.com/docket/73443394/,b3c_discovery,"(b)(3)(C) discovery, including any difficult issues",TRUE,TRUE,TRUE,TRUE,""
237,3180,https://www.courtlistener.com/docket/73443394/,b3d_pretrial_motions,,TRUE,TRUE,TRUE,TRUE,R2: complaint-response and motion timing are fixed.
238,3180,https://www.courtlistener.com/docket/73443394/,b3e_settlement_facilitation,(b)(3)(E) measures to facilitate resolving some or all actions,TRUE,TRUE,TRUE,FALSE,""
239,3180,https://www.courtlistener.com/docket/73443394/,b3f_magistrate_master,(b)(3)(F) referral to a magistrate judge or a master,TRUE,TRUE,TRUE,FALSE,""
240,3180,https://www.courtlistener.com/docket/73443394/,b3g_principal_issues,(b)(3)(G) the principal factual and legal issues likely to be presented,TRUE,TRUE,TRUE,FALSE,""
241,3181,https://www.courtlistener.com/docket/73502651/,b2a_leadership,(b)(2)(A) whether leadership counsel should be appointed,TRUE,TRUE,TRUE,FALSE,""
242,3181,https://www.courtlistener.com/docket/73502651/,b2a_timing,(b)(2)(A)(i) the timing of the appointments,FALSE,FALSE,FALSE,FALSE,R6: application deadlines do not state when the court will make appointments.
243,3181,https://www.courtlistener.com/docket/73502651/,b2a_structure,(b)(2)(A)(ii) the structure of leadership counsel,TRUE,TRUE,TRUE,FALSE,""
244,3181,https://www.courtlistener.com/docket/73502651/,b2a_selection_procedure,(b)(2)(A)(iii) the procedure for selecting leadership,TRUE,TRUE,TRUE,TRUE,""
245,3181,https://www.courtlistener.com/docket/73502651/,b2a_periodic_review,(b)(2)(A)(iii) whether the appointments should be reviewed periodically,FALSE,FALSE,FALSE,FALSE,""
246,3181,https://www.courtlistener.com/docket/73502651/,b2a_responsibilities,(b)(2)(A)(iv) their responsibilities and authority,TRUE,TRUE,TRUE,TRUE,R3: the order independently prescribes Lead Counsel responsibilities.
247,3181,https://www.courtlistener.com/docket/73502651/,b2a_communication,(b)(2)(A)(v) methods for communicating with and reporting to the court and nonleadership counsel,TRUE,TRUE,FALSE,TRUE,R3: prescribed Lead Counsel duties include presenting positions to the court and coordinating others.
248,3181,https://www.courtlistener.com/docket/73502651/,b2a_nonleadership_limits,(b)(2)(A)(vi) any limits on activity by nonleadership counsel,FALSE,FALSE,FALSE,FALSE,""
249,3181,https://www.courtlistener.com/docket/73502651/,b2a_compensation,(b)(2)(A)(vii) whether and when to establish a means for compensating leadership counsel,TRUE,TRUE,TRUE,TRUE,R3: the order requires fee proposals and reserves final compensation decisions to the court.
250,3181,https://www.courtlistener.com/docket/73502651/,b2b_vacate_modify,(b)(2)(B) previously entered orders that should be vacated or modified,TRUE,TRUE,FALSE,TRUE,""
251,3181,https://www.courtlistener.com/docket/73502651/,b2c_conference_schedule,,TRUE,TRUE,FALSE,FALSE,R4: frequency of regular conferences is a court-anticipated agenda topic.
252,3181,https://www.courtlistener.com/docket/73502651/,b2d_direct_filing,(b)(2)(D) how to manage the direct filing of new actions,TRUE,TRUE,FALSE,TRUE,R3: the order applies its operative treatment to related cases later filed in the district.
253,3181,https://www.courtlistener.com/docket/73502651/,b2e_related_actions,(b)(2)(E) related actions elsewhere and methods for coordinating,TRUE,TRUE,TRUE,TRUE,"R3: the order prescribes treatment of later-filed, removed, and transferred related cases."
254,3181,https://www.courtlistener.com/docket/73502651/,b3a_consolidated_pleadings,(b)(3)(A) whether consolidated pleadings should be prepared,TRUE,TRUE,TRUE,FALSE,""
255,3181,https://www.courtlistener.com/docket/73502651/,b3b_factual_basis_exchange,(b)(3)(B) how and when the parties will exchange information about the factual bases,FALSE,FALSE,FALSE,FALSE,""
256,3181,https://www.courtlistener.com/docket/73502651/,b3c_discovery,"(b)(3)(C) discovery, including any difficult issues",TRUE,TRUE,TRUE,TRUE,""
257,3181,https://www.courtlistener.com/docket/73502651/,b3d_pretrial_motions,,TRUE,TRUE,TRUE,TRUE,"R2: filing, response, and renoticing timing are fixed."
258,3181,https://www.courtlistener.com/docket/73502651/,b3e_settlement_facilitation,(b)(3)(E) measures to facilitate resolving some or all actions,FALSE,FALSE,FALSE,FALSE,""
259,3181,https://www.courtlistener.com/docket/73502651/,b3f_magistrate_master,(b)(3)(F) referral to a magistrate judge or a master,TRUE,TRUE,TRUE,FALSE,""
260,3181,https://www.courtlistener.com/docket/73502651/,b3g_principal_issues,(b)(3)(G) the principal factual and legal issues likely to be presented,TRUE,TRUE,TRUE,FALSE,""
261,3185,https://www.courtlistener.com/docket/73454806/,b2a_leadership,(b)(2)(A) whether leadership counsel should be appointed,TRUE,TRUE,TRUE,TRUE,""
262,3185,https://www.courtlistener.com/docket/73454806/,b2a_timing,(b)(2)(A)(i) the timing of the appointments,FALSE,FALSE,FALSE,FALSE,R6: application deadlines do not state when the court will make appointments.
263,3185,https://www.courtlistener.com/docket/73454806/,b2a_structure,(b)(2)(A)(ii) the structure of leadership counsel,TRUE,TRUE,TRUE,FALSE,R4: suggested topic specifies required status-report content and is directed.
264,3185,https://www.courtlistener.com/docket/73454806/,b2a_selection_procedure,(b)(2)(A)(iii) the procedure for selecting leadership,TRUE,TRUE,TRUE,TRUE,""
265,3185,https://www.courtlistener.com/docket/73454806/,b2a_periodic_review,(b)(2)(A)(iii) whether the appointments should be reviewed periodically,FALSE,FALSE,FALSE,FALSE,""
266,3185,https://www.courtlistener.com/docket/73454806/,b2a_responsibilities,(b)(2)(A)(iv) their responsibilities and authority,FALSE,FALSE,FALSE,FALSE,""
267,3185,https://www.courtlistener.com/docket/73454806/,b2a_communication,(b)(2)(A)(v) methods for communicating with and reporting to the court and nonleadership counsel,FALSE,FALSE,FALSE,FALSE,""
268,3185,https://www.courtlistener.com/docket/73454806/,b2a_nonleadership_limits,(b)(2)(A)(vi) any limits on activity by nonleadership counsel,FALSE,FALSE,FALSE,FALSE,""
269,3185,https://www.courtlistener.com/docket/73454806/,b2a_compensation,(b)(2)(A)(vii) whether and when to establish a means for compensating leadership counsel,FALSE,FALSE,FALSE,FALSE,""
270,3185,https://www.courtlistener.com/docket/73454806/,b2b_vacate_modify,(b)(2)(B) previously entered orders that should be vacated or modified,TRUE,TRUE,FALSE,TRUE,R3: the stay independently modifies deadlines imposed by transferor-court orders.
271,3185,https://www.courtlistener.com/docket/73454806/,b2c_conference_schedule,,TRUE,TRUE,TRUE,FALSE,R4: suggested topic specifies required status-report content and is directed.
272,3185,https://www.courtlistener.com/docket/73454806/,b2d_direct_filing,(b)(2)(D) how to manage the direct filing of new actions,FALSE,FALSE,FALSE,FALSE,""
273,3185,https://www.courtlistener.com/docket/73454806/,b2e_related_actions,(b)(2)(E) related actions elsewhere and methods for coordinating,FALSE,FALSE,FALSE,FALSE,""
274,3185,https://www.courtlistener.com/docket/73454806/,b3a_consolidated_pleadings,(b)(3)(A) whether consolidated pleadings should be prepared,TRUE,TRUE,TRUE,FALSE,""
275,3185,https://www.courtlistener.com/docket/73454806/,b3b_factual_basis_exchange,(b)(3)(B) how and when the parties will exchange information about the factual bases,FALSE,FALSE,FALSE,FALSE,""
276,3185,https://www.courtlistener.com/docket/73454806/,b3c_discovery,"(b)(3)(C) discovery, including any difficult issues",FALSE,FALSE,FALSE,FALSE,R1: a general stay of all deadlines does not expressly identify discovery.
277,3185,https://www.courtlistener.com/docket/73454806/,b3d_pretrial_motions,,TRUE,TRUE,TRUE,TRUE,R2: motion briefing and existing motion deadlines are fixed.
278,3185,https://www.courtlistener.com/docket/73454806/,b3e_settlement_facilitation,(b)(3)(E) measures to facilitate resolving some or all actions,TRUE,TRUE,TRUE,FALSE,""
279,3185,https://www.courtlistener.com/docket/73454806/,b3f_magistrate_master,(b)(3)(F) referral to a magistrate judge or a master,FALSE,FALSE,FALSE,FALSE,""
280,3185,https://www.courtlistener.com/docket/73454806/,b3g_principal_issues,(b)(3)(G) the principal factual and legal issues likely to be presented,TRUE,TRUE,TRUE,FALSE,""
281,3187,https://www.courtlistener.com/docket/73492845/,b2a_leadership,(b)(2)(A) whether leadership counsel should be appointed,TRUE,TRUE,TRUE,FALSE,Closure test/R5: same-day nunc pro tunc ECF 10 included with anchor ECF 9.
282,3187,https://www.courtlistener.com/docket/73492845/,b2a_timing,(b)(2)(A)(i) the timing of the appointments,TRUE,TRUE,TRUE,FALSE,Closure test/R5: same-day nunc pro tunc ECF 10 included with anchor ECF 9.
283,3187,https://www.courtlistener.com/docket/73492845/,b2a_structure,(b)(2)(A)(ii) the structure of leadership counsel,TRUE,TRUE,TRUE,FALSE,Closure test/R5: same-day nunc pro tunc ECF 10 included with anchor ECF 9.
284,3187,https://www.courtlistener.com/docket/73492845/,b2a_selection_procedure,(b)(2)(A)(iii) the procedure for selecting leadership,TRUE,TRUE,TRUE,FALSE,Closure test/R5: same-day nunc pro tunc ECF 10 included with anchor ECF 9.
285,3187,https://www.courtlistener.com/docket/73492845/,b2a_periodic_review,(b)(2)(A)(iii) whether the appointments should be reviewed periodically,TRUE,TRUE,TRUE,FALSE,Closure test/R5: same-day nunc pro tunc ECF 10 included with anchor ECF 9.
286,3187,https://www.courtlistener.com/docket/73492845/,b2a_responsibilities,(b)(2)(A)(iv) their responsibilities and authority,TRUE,TRUE,TRUE,FALSE,Closure test/R5: same-day nunc pro tunc ECF 10 included with anchor ECF 9.
287,3187,https://www.courtlistener.com/docket/73492845/,b2a_communication,(b)(2)(A)(v) methods for communicating with and reporting to the court and nonleadership counsel,TRUE,TRUE,TRUE,FALSE,Closure test/R5: same-day nunc pro tunc ECF 10 included with anchor ECF 9.
288,3187,https://www.courtlistener.com/docket/73492845/,b2a_nonleadership_limits,(b)(2)(A)(vi) any limits on activity by nonleadership counsel,TRUE,TRUE,TRUE,FALSE,Closure test/R5: same-day nunc pro tunc ECF 10 included with anchor ECF 9.
289,3187,https://www.courtlistener.com/docket/73492845/,b2a_compensation,(b)(2)(A)(vii) whether and when to establish a means for compensating leadership counsel,TRUE,TRUE,TRUE,FALSE,Closure test/R5: same-day nunc pro tunc ECF 10 included with anchor ECF 9.
290,3187,https://www.courtlistener.com/docket/73492845/,b2b_vacate_modify,(b)(2)(B) previously entered orders that should be vacated or modified,TRUE,TRUE,TRUE,TRUE,Closure test/R5: same-day nunc pro tunc ECF 10 included with anchor ECF 9.
291,3187,https://www.courtlistener.com/docket/73492845/,b2c_conference_schedule,,TRUE,TRUE,TRUE,FALSE,Closure test/R5: same-day nunc pro tunc ECF 10 included with anchor ECF 9.
292,3187,https://www.courtlistener.com/docket/73492845/,b2d_direct_filing,(b)(2)(D) how to manage the direct filing of new actions,TRUE,TRUE,TRUE,TRUE,Closure test/R5: same-day nunc pro tunc ECF 10 included with anchor ECF 9.
293,3187,https://www.courtlistener.com/docket/73492845/,b2e_related_actions,(b)(2)(E) related actions elsewhere and methods for coordinating,TRUE,TRUE,TRUE,TRUE,Closure test/R5: same-day nunc pro tunc ECF 10 included with anchor ECF 9.
294,3187,https://www.courtlistener.com/docket/73492845/,b3a_consolidated_pleadings,(b)(3)(A) whether consolidated pleadings should be prepared,TRUE,TRUE,TRUE,FALSE,Closure test/R5: same-day nunc pro tunc ECF 10 included with anchor ECF 9.
295,3187,https://www.courtlistener.com/docket/73492845/,b3b_factual_basis_exchange,(b)(3)(B) how and when the parties will exchange information about the factual bases,TRUE,TRUE,TRUE,TRUE,Closure test/R5: same-day nunc pro tunc ECF 10 included with anchor ECF 9. R1: the order ties factual-basis exchange to stayed Rule 26 machinery.
296,3187,https://www.courtlistener.com/docket/73492845/,b3c_discovery,"(b)(3)(C) discovery, including any difficult issues",TRUE,TRUE,TRUE,TRUE,Closure test/R5: same-day nunc pro tunc ECF 10 included with anchor ECF 9.
297,3187,https://www.courtlistener.com/docket/73492845/,b3d_pretrial_motions,,TRUE,TRUE,TRUE,TRUE,Closure test/R5: same-day nunc pro tunc ECF 10 included with anchor ECF 9. R2: the order fixes motion timing.
298,3187,https://www.courtlistener.com/docket/73492845/,b3e_settlement_facilitation,(b)(3)(E) measures to facilitate resolving some or all actions,TRUE,TRUE,TRUE,FALSE,Closure test/R5: same-day nunc pro tunc ECF 10 included with anchor ECF 9.
299,3187,https://www.courtlistener.com/docket/73492845/,b3f_magistrate_master,(b)(3)(F) referral to a magistrate judge or a master,TRUE,TRUE,TRUE,FALSE,Closure test/R5: same-day nunc pro tunc ECF 10 included with anchor ECF 9.
300,3187,https://www.courtlistener.com/docket/73492845/,b3g_principal_issues,(b)(3)(G) the principal factual and legal issues likely to be presented,TRUE,TRUE,TRUE,FALSE,Closure test/R5: same-day nunc pro tunc ECF 10 included with anchor ECF 9.
