item,mdl_no,source_document,subject_id,subject_definition,reached,express,party_direction,court_resolution,note_optional
1,3166,"MDL 3166 - Pretrial Order No. 1, In re Roblox Corp. Child Sexual Exploitation Litig. (N.D. Cal. Dec. 17, 2025) (Seeborg, C.J.), ECF 2",b3a_consolidated_pleadings,(b)(3)(A) whether consolidated pleadings should be prepared,,,,,
2,3166,"MDL 3166 - Pretrial Order No. 1, In re Roblox Corp. Child Sexual Exploitation Litig. (N.D. Cal. Dec. 17, 2025) (Seeborg, C.J.), ECF 2",b2a_selection_procedure,(b)(2)(A)(iii) the procedure for selecting leadership,,,,,
3,3172,"MDL 3172 - Order Upon Transfer (Feb. 18, 2026) AND chambers letter (June 22, 2026) together, In re Cartiva Synthetic Cartilage Implant Prod. Liab. Litig. (E.D. Ark.) (Baker, C.J.), ECF 5 and 15",b2a_timing,(b)(2)(A)(i) the timing of the appointments,,,,,
4,3181,"MDL 3181 - Pretrial Order No. 1: Setting Initial Scheduling Conference, In re Boston Scientific Spinal Cord Stimulator Prods. Liab. Litig. (C.D. Cal. June 23, 2026) (Staton, J.), ECF 2",b3f_magistrate_master,(b)(3)(F) referral to a magistrate judge or a master,,,,,
5,3179,"MDL 3179 - Order for Telephone Conference, In re Fire Apparatus Antitrust Litig. (E.D. Wis. Apr. 10, 2026) (Griesbach, J.), ECF 2",b2a_periodic_review,(b)(2)(A)(iii) whether the appointments should be reviewed periodically,,,,,
6,3167,"MDL 3167 - Notice and Order of Case Management Hearing (PTO 1), In re Broiler Chicken Grower Antitrust Litig. (No. III) (D. Utah Dec. 31, 2025) (Shelby, J.)",b2a_responsibilities,(b)(2)(A)(iv) their responsibilities and authority,,,,,
7,3163,"MDL 3163 - Case Management Order No. 1, In re GLP-1 RAs NAION Prods. Liab. Litig. (E.D. Pa. Dec. 23, 2025) (Marston, J.), ECF 2",b2a_timing,(b)(2)(A)(i) the timing of the appointments,,,,,
8,3185,"MDL 3185 - Order Setting Initial Conference, In re Cognizant/TriZetto Data Sec. Breach Litig. (E.D. Mo. June 11, 2026) (Ross, J.), ECF 6",b2a_nonleadership_limits,(b)(2)(A)(vi) any limits on activity by nonleadership counsel,,,,,
9,3162,"MDL 3162 - Initial Procedure Order No. 1, In re Class Action Settlement Administration Litig. (D.D.C. Jan. 7, 2026) (Bates, J.), ECF 8",b3e_settlement_facilitation,(b)(3)(E) measures to facilitate resolving some or all actions,,,,,
10,3166,"MDL 3166 - Pretrial Order No. 1, In re Roblox Corp. Child Sexual Exploitation Litig. (N.D. Cal. Dec. 17, 2025) (Seeborg, C.J.), ECF 2",b2a_periodic_review,(b)(2)(A)(iii) whether the appointments should be reviewed periodically,,,,,
11,3163,"MDL 3163 - Case Management Order No. 1, In re GLP-1 RAs NAION Prods. Liab. Litig. (E.D. Pa. Dec. 23, 2025) (Marston, J.), ECF 2",b2a_selection_procedure,(b)(2)(A)(iii) the procedure for selecting leadership,,,,,
12,3174,"MDL 3174 - Order re: Initial Case Management Conference, In re Air Crash at Muan Int'l Airport (W.D. Wash. Apr. 16, 2026) (Robart, J.), ECF 4",b2a_nonleadership_limits,(b)(2)(A)(vi) any limits on activity by nonleadership counsel,,,,,
13,3178,"MDL 3178 - Order granting Letter Motion for Discovery (TEXT-ONLY ORDER; the docket entry is the whole order), In re ByHeart Infant Formula Litig. (S.D.N.Y. Apr. 13, 2026) (Subramanian, J.), ECF 3",b3b_factual_basis_exchange,(b)(3)(B) how and when the parties will exchange information about the factual bases,,,,,
14,3185,"MDL 3185 - Order Setting Initial Conference, In re Cognizant/TriZetto Data Sec. Breach Litig. (E.D. Mo. June 11, 2026) (Ross, J.), ECF 6",b2a_compensation,(b)(2)(A)(vii) whether and when to establish a means for compensating leadership counsel,,,,,
15,3162,"MDL 3162 - Initial Procedure Order No. 1, In re Class Action Settlement Administration Litig. (D.D.C. Jan. 7, 2026) (Bates, J.), ECF 8",b2a_compensation,(b)(2)(A)(vii) whether and when to establish a means for compensating leadership counsel,,,,,
16,3172,"MDL 3172 - Order Upon Transfer (Feb. 18, 2026) AND chambers letter (June 22, 2026) together, In re Cartiva Synthetic Cartilage Implant Prod. Liab. Litig. (E.D. Ark.) (Baker, C.J.), ECF 5 and 15",b2a_nonleadership_limits,(b)(2)(A)(vi) any limits on activity by nonleadership counsel,,,,,
17,3162,"MDL 3162 - Initial Procedure Order No. 1, In re Class Action Settlement Administration Litig. (D.D.C. Jan. 7, 2026) (Bates, J.), ECF 8",b2d_direct_filing,(b)(2)(D) how to manage the direct filing of new actions,,,,,
18,3185,"MDL 3185 - Order Setting Initial Conference, In re Cognizant/TriZetto Data Sec. Breach Litig. (E.D. Mo. June 11, 2026) (Ross, J.), ECF 6",b2e_related_actions,(b)(2)(E) related actions elsewhere and methods for coordinating,,,,,
19,3178,"MDL 3178 - Order granting Letter Motion for Discovery (TEXT-ONLY ORDER; the docket entry is the whole order), In re ByHeart Infant Formula Litig. (S.D.N.Y. Apr. 13, 2026) (Subramanian, J.), ECF 3",b2e_related_actions,(b)(2)(E) related actions elsewhere and methods for coordinating,,,,,
20,3167,"MDL 3167 - Notice and Order of Case Management Hearing (PTO 1), In re Broiler Chicken Grower Antitrust Litig. (No. III) (D. Utah Dec. 31, 2025) (Shelby, J.)",b3e_settlement_facilitation,(b)(3)(E) measures to facilitate resolving some or all actions,,,,,
21,3180,"MDL 3180 - Initial Procedure Order No. 1, In re Dupixent (Dupilumab) Prods. Liab. Litig. (D.N.J. June 11, 2026) (Quraishi, J.), ECF 3",b2a_timing,(b)(2)(A)(i) the timing of the appointments,,,,,
22,3172,"MDL 3172 - Order Upon Transfer (Feb. 18, 2026) AND chambers letter (June 22, 2026) together, In re Cartiva Synthetic Cartilage Implant Prod. Liab. Litig. (E.D. Ark.) (Baker, C.J.), ECF 5 and 15",b3f_magistrate_master,(b)(3)(F) referral to a magistrate judge or a master,,,,,
23,3171,"MDL 3171 - Pretrial Order No. 1, In re Lyft Passenger Sexual Assault Litig. (N.D. Cal. Feb. 12, 2026) (Lin, J.), ECF 2",b3g_principal_issues,(b)(3)(G) the principal factual and legal issues likely to be presented,,,,,
24,3180,"MDL 3180 - Initial Procedure Order No. 1, In re Dupixent (Dupilumab) Prods. Liab. Litig. (D.N.J. June 11, 2026) (Quraishi, J.), ECF 3",b2a_periodic_review,(b)(2)(A)(iii) whether the appointments should be reviewed periodically,,,,,
25,3175,"MDL 3175 - Order Setting Judicial Management Conference, In re Shell Eggs Antitrust Litig. (W.D. Wis. Mar. 26, 2026) (Peterson, J.), ECF 23 in 3:26-cv-00157",b2a_periodic_review,(b)(2)(A)(iii) whether the appointments should be reviewed periodically,,,,,
26,3179,"MDL 3179 - Order for Telephone Conference, In re Fire Apparatus Antitrust Litig. (E.D. Wis. Apr. 10, 2026) (Griesbach, J.), ECF 2",b2d_direct_filing,(b)(2)(D) how to manage the direct filing of new actions,,,,,
27,3175,"MDL 3175 - Order Setting Judicial Management Conference, In re Shell Eggs Antitrust Litig. (W.D. Wis. Mar. 26, 2026) (Peterson, J.), ECF 23 in 3:26-cv-00157",b2a_leadership,(b)(2)(A) whether leadership counsel should be appointed,,,,,
28,3174,"MDL 3174 - Order re: Initial Case Management Conference, In re Air Crash at Muan Int'l Airport (W.D. Wash. Apr. 16, 2026) (Robart, J.), ECF 4",b2b_vacate_modify,(b)(2)(B) previously entered orders that should be vacated or modified,,,,,
29,3170,"MDL 3170 - Case Management Orders #1 AND #2 together, In re Trans Union Customer Data Sec. Breach Litig. (N.D. Ill. Dec. 18, 2025) (Gettleman, J.), ECF 22 and 23",b3f_magistrate_master,(b)(3)(F) referral to a magistrate judge or a master,,,,,
30,3179,"MDL 3179 - Order for Telephone Conference, In re Fire Apparatus Antitrust Litig. (E.D. Wis. Apr. 10, 2026) (Griesbach, J.), ECF 2",b3c_discovery,"(b)(3)(C) discovery, including any difficult issues",,,,,
31,3167,"MDL 3167 - Notice and Order of Case Management Hearing (PTO 1), In re Broiler Chicken Grower Antitrust Litig. (No. III) (D. Utah Dec. 31, 2025) (Shelby, J.)",b2b_vacate_modify,(b)(2)(B) previously entered orders that should be vacated or modified,,,,,
32,3171,"MDL 3171 - Pretrial Order No. 1, In re Lyft Passenger Sexual Assault Litig. (N.D. Cal. Feb. 12, 2026) (Lin, J.), ECF 2",b2a_selection_procedure,(b)(2)(A)(iii) the procedure for selecting leadership,,,,,
33,3185,"MDL 3185 - Order Setting Initial Conference, In re Cognizant/TriZetto Data Sec. Breach Litig. (E.D. Mo. June 11, 2026) (Ross, J.), ECF 6",b2a_structure,(b)(2)(A)(ii) the structure of leadership counsel,,,,,
34,3171,"MDL 3171 - Pretrial Order No. 1, In re Lyft Passenger Sexual Assault Litig. (N.D. Cal. Feb. 12, 2026) (Lin, J.), ECF 2",b2d_direct_filing,(b)(2)(D) how to manage the direct filing of new actions,,,,,
35,3180,"MDL 3180 - Initial Procedure Order No. 1, In re Dupixent (Dupilumab) Prods. Liab. Litig. (D.N.J. June 11, 2026) (Quraishi, J.), ECF 3",b3b_factual_basis_exchange,(b)(3)(B) how and when the parties will exchange information about the factual bases,,,,,
36,3170,"MDL 3170 - Case Management Orders #1 AND #2 together, In re Trans Union Customer Data Sec. Breach Litig. (N.D. Ill. Dec. 18, 2025) (Gettleman, J.), ECF 22 and 23",b2a_selection_procedure,(b)(2)(A)(iii) the procedure for selecting leadership,,,,,
37,3163,"MDL 3163 - Case Management Order No. 1, In re GLP-1 RAs NAION Prods. Liab. Litig. (E.D. Pa. Dec. 23, 2025) (Marston, J.), ECF 2",b3b_factual_basis_exchange,(b)(3)(B) how and when the parties will exchange information about the factual bases,,,,,
38,3181,"MDL 3181 - Pretrial Order No. 1: Setting Initial Scheduling Conference, In re Boston Scientific Spinal Cord Stimulator Prods. Liab. Litig. (C.D. Cal. June 23, 2026) (Staton, J.), ECF 2",b2b_vacate_modify,(b)(2)(B) previously entered orders that should be vacated or modified,,,,,
39,3170,"MDL 3170 - Case Management Orders #1 AND #2 together, In re Trans Union Customer Data Sec. Breach Litig. (N.D. Ill. Dec. 18, 2025) (Gettleman, J.), ECF 22 and 23",b2a_communication,(b)(2)(A)(v) methods for communicating with and reporting to the court and nonleadership counsel,,,,,
40,3171,"MDL 3171 - Pretrial Order No. 1, In re Lyft Passenger Sexual Assault Litig. (N.D. Cal. Feb. 12, 2026) (Lin, J.), ECF 2",b2e_related_actions,(b)(2)(E) related actions elsewhere and methods for coordinating,,,,,
41,3181,"MDL 3181 - Pretrial Order No. 1: Setting Initial Scheduling Conference, In re Boston Scientific Spinal Cord Stimulator Prods. Liab. Litig. (C.D. Cal. June 23, 2026) (Staton, J.), ECF 2",b2d_direct_filing,(b)(2)(D) how to manage the direct filing of new actions,,,,,
42,3180,"MDL 3180 - Initial Procedure Order No. 1, In re Dupixent (Dupilumab) Prods. Liab. Litig. (D.N.J. June 11, 2026) (Quraishi, J.), ECF 3",b2a_nonleadership_limits,(b)(2)(A)(vi) any limits on activity by nonleadership counsel,,,,,
43,3163,"MDL 3163 - Case Management Order No. 1, In re GLP-1 RAs NAION Prods. Liab. Litig. (E.D. Pa. Dec. 23, 2025) (Marston, J.), ECF 2",b2a_periodic_review,(b)(2)(A)(iii) whether the appointments should be reviewed periodically,,,,,
44,3175,"MDL 3175 - Order Setting Judicial Management Conference, In re Shell Eggs Antitrust Litig. (W.D. Wis. Mar. 26, 2026) (Peterson, J.), ECF 23 in 3:26-cv-00157",b2b_vacate_modify,(b)(2)(B) previously entered orders that should be vacated or modified,,,,,
45,3175,"MDL 3175 - Order Setting Judicial Management Conference, In re Shell Eggs Antitrust Litig. (W.D. Wis. Mar. 26, 2026) (Peterson, J.), ECF 23 in 3:26-cv-00157",b3a_consolidated_pleadings,(b)(3)(A) whether consolidated pleadings should be prepared,,,,,
46,3174,"MDL 3174 - Order re: Initial Case Management Conference, In re Air Crash at Muan Int'l Airport (W.D. Wash. Apr. 16, 2026) (Robart, J.), ECF 4",b3b_factual_basis_exchange,(b)(3)(B) how and when the parties will exchange information about the factual bases,,,,,
47,3166,"MDL 3166 - Pretrial Order No. 1, In re Roblox Corp. Child Sexual Exploitation Litig. (N.D. Cal. Dec. 17, 2025) (Seeborg, C.J.), ECF 2",b2a_communication,(b)(2)(A)(v) methods for communicating with and reporting to the court and nonleadership counsel,,,,,
48,3162,"MDL 3162 - Initial Procedure Order No. 1, In re Class Action Settlement Administration Litig. (D.D.C. Jan. 7, 2026) (Bates, J.), ECF 8",b2a_responsibilities,(b)(2)(A)(iv) their responsibilities and authority,,,,,
49,3178,"MDL 3178 - Order granting Letter Motion for Discovery (TEXT-ONLY ORDER; the docket entry is the whole order), In re ByHeart Infant Formula Litig. (S.D.N.Y. Apr. 13, 2026) (Subramanian, J.), ECF 3",b2d_direct_filing,(b)(2)(D) how to manage the direct filing of new actions,,,,,
50,3170,"MDL 3170 - Case Management Orders #1 AND #2 together, In re Trans Union Customer Data Sec. Breach Litig. (N.D. Ill. Dec. 18, 2025) (Gettleman, J.), ECF 22 and 23",b3e_settlement_facilitation,(b)(3)(E) measures to facilitate resolving some or all actions,,,,,
